{
    "Number of document": 675,
    "Number of total tokens": 3469,
    "Number of unique tokens": 761,
    "Average of token pre document": 5.139259259259259,
    "Variance of the number of token": 13.193413230951897
}