{
    "Number of document": 429,
    "Number of total tokens": 2793,
    "Number of unique tokens": 1622,
    "Average of token pre document": 6.510489510489511,
    "Variance of the number of token": 15.252220972500693
}