{
    "Number of document": 432,
    "Number of total tokens": 2846,
    "Number of unique tokens": 1643,
    "Average of token pre document": 6.587962962962963,
    "Variance of the number of token": 15.515410665294924
}